{
  "id": "2773197",
  "name": "前端33期",
  "font_family": "iconfont",
  "css_prefix_text": "icon-",
  "description": "",
  "glyphs": [
    {
      "icon_id": "356478",
      "name": "微博",
      "font_class": "weibo1",
      "unicode": "e631",
      "unicode_decimal": 58929
    },
    {
      "icon_id": "9097171",
      "name": "咨询",
      "font_class": "zixun1",
      "unicode": "e615",
      "unicode_decimal": 58901
    },
    {
      "icon_id": "8776822",
      "name": "cart_empty",
      "font_class": "icon-test",
      "unicode": "e63b",
      "unicode_decimal": 58939
    },
    {
      "icon_id": "8777495",
      "name": "star_filled",
      "font_class": "icon-test1",
      "unicode": "e657",
      "unicode_decimal": 58967
    },
    {
      "icon_id": "8777533",
      "name": "down_to_bottom",
      "font_class": "icon-test2",
      "unicode": "e65a",
      "unicode_decimal": 58970
    },
    {
      "icon_id": "23920653",
      "name": "箭头",
      "font_class": "xjt",
      "unicode": "e8fe",
      "unicode_decimal": 59646
    },
    {
      "icon_id": "397322",
      "name": "手机 mobile phone_fill",
      "font_class": "sj",
      "unicode": "e630",
      "unicode_decimal": 58928
    },
    {
      "icon_id": "2178346",
      "name": "咨询 ",
      "font_class": "zixun",
      "unicode": "e600",
      "unicode_decimal": 58880
    },
    {
      "icon_id": "2994086",
      "name": "咨询",
      "font_class": "zx",
      "unicode": "e601",
      "unicode_decimal": 58881
    },
    {
      "icon_id": "4675524",
      "name": "收 藏",
      "font_class": "shoucang-hover",
      "unicode": "e60d",
      "unicode_decimal": 58893
    },
    {
      "icon_id": "8181293",
      "name": "箭头",
      "font_class": "zjt",
      "unicode": "e602",
      "unicode_decimal": 58882
    },
    {
      "icon_id": "8398415",
      "name": "放大镜",
      "font_class": "fangdajing",
      "unicode": "e778",
      "unicode_decimal": 59256
    },
    {
      "icon_id": "8678748",
      "name": "QQ",
      "font_class": "QQ",
      "unicode": "e617",
      "unicode_decimal": 58903
    },
    {
      "icon_id": "8768095",
      "name": "微信",
      "font_class": "weixin",
      "unicode": "e663",
      "unicode_decimal": 58979
    },
    {
      "icon_id": "9038877",
      "name": "支付宝",
      "font_class": "zhifubao",
      "unicode": "e6ed",
      "unicode_decimal": 59117
    },
    {
      "icon_id": "10725899",
      "name": "地标",
      "font_class": "dibiao",
      "unicode": "e8fb",
      "unicode_decimal": 59643
    },
    {
      "icon_id": "13110445",
      "name": "微博",
      "font_class": "weibo",
      "unicode": "e66b",
      "unicode_decimal": 58987
    },
    {
      "icon_id": "19777383",
      "name": "购物 车",
      "font_class": "gouwuche",
      "unicode": "e62f",
      "unicode_decimal": 58927
    },
    {
      "icon_id": "23920596",
      "name": "箭头",
      "font_class": "yjt",
      "unicode": "e8fc",
      "unicode_decimal": 59644
    },
    {
      "icon_id": "23920600",
      "name": "箭头",
      "font_class": "sjt",
      "unicode": "e8fd",
      "unicode_decimal": 59645
    }
  ]
}
